Workbook

Sheet 員工主檔
A1: 部門代碼 | B1: 員工工號 | C1: 員工姓名 | D1: 職稱 | E1: 固定本薪 | F1: 提成業績獎金率
A2: DEP-MKT | B2: EMP-001 | C2: 陳信宏 | D2: 業務專員 | E2: 36000 | F2: 0.05
A3: DEP-MKT | B3: EMP-002 | C3: 林宥嘉 | D3: 資深業務 | E3: 45000 | F3: 0.07
A4: DEP-MKT | B4: EMP-003 | C4: 徐佳瑩 | D4: 業務專員 | E4: 38000 | F4: 0.05
A5: DEP-RET | B5: EMP-004 | C5: 蕭敬騰 | D5: 店長 | E5: 48000 | F5: 0.06
A6: DEP-RET | B6: EMP-005 | C6: 田馥甄 | D6: 副店長 | E6: 42000 | F6: 0.04
A7: DEP-ADM | B7: EMP-006 | C7: 周杰倫 | D7: 行政總監 | E7: 68000 | F7: 0.01

Sheet 本月薪資核算表_練習
A1: 工號 | B1: 姓名(XLOOKUP) | C1: 職稱(XLOOKUP) | D1: 本月個人營收 | E1: 提成率(XLOOKUP) | F1: 業績獎金(=營收*提成) | G1: 固定本薪(XLOOKUP) | H1: 應發總薪資
A2: EMP-002 | D2: 320000
A3: EMP-001 | D3: 180000
A4: EMP-005 | D4: 250000
A5: EMP-003 | D5: 210000
A6: EMP-004 | D6: 450000
A7: EMP-999 | D7: 50000

Sheet 參考解答_完整公式
A1: 工號 | B1: 姓名 | C1: 職稱 | D1: 本月個人營收 | E1: 提成率 | F1: 業績獎金 | G1: 固定本薪 | H1: 應發總薪資
A2: EMP-002 | B2: =XLOOKUP(A2, 員工主檔!$B$2:$B$7, 員工主檔!$C$2:$C$7, "查無員工") | C2: =XLOOKUP(A2, 員工主檔!$B$2:$B$7, 員工主檔!$D$2:$D$7, "無") | D2: 320000 | E2: =XLOOKUP(A2, 員工主檔!$B$2:$B$7, 員工主檔!$F$2:$F$7, 0) | F2: =D2*E2 | G2: =XLOOKUP(A2, 員工主檔!$B$2:$B$7, 員工主檔!$E$2:$E$7, 0) | H2: =F2+G2
A3: EMP-001 | B3: =XLOOKUP(A3, 員工主檔!$B$2:$B$7, 員工主檔!$C$2:$C$7, "查無員工") | C3: =XLOOKUP(A3, 員工主檔!$B$2:$B$7, 員工主檔!$D$2:$D$7, "無") | D3: 180000 | E3: =XLOOKUP(A3, 員工主檔!$B$2:$B$7, 員工主檔!$F$2:$F$7, 0) | F3: =D3*E3 | G3: =XLOOKUP(A3, 員工主檔!$B$2:$B$7, 員工主檔!$E$2:$E$7, 0) | H3: =F3+G3
A4: EMP-005 | B4: =XLOOKUP(A4, 員工主檔!$B$2:$B$7, 員工主檔!$C$2:$C$7, "查無員工") | C4: =XLOOKUP(A4, 員工主檔!$B$2:$B$7, 員工主檔!$D$2:$D$7, "無") | D4: 250000 | E4: =XLOOKUP(A4, 員工主檔!$B$2:$B$7, 員工主檔!$F$2:$F$7, 0) | F4: =D4*E4 | G4: =XLOOKUP(A4, 員工主檔!$B$2:$B$7, 員工主檔!$E$2:$E$7, 0) | H4: =F4+G4
A5: EMP-003 | B5: =XLOOKUP(A5, 員工主檔!$B$2:$B$7, 員工主檔!$C$2:$C$7, "查無員工") | C5: =XLOOKUP(A5, 員工主檔!$B$2:$B$7, 員工主檔!$D$2:$D$7, "無") | D5: 210000 | E5: =XLOOKUP(A5, 員工主檔!$B$2:$B$7, 員工主檔!$F$2:$F$7, 0) | F5: =D5*E5 | G5: =XLOOKUP(A5, 員工主檔!$B$2:$B$7, 員工主檔!$E$2:$E$7, 0) | H5: =F5+G5
A6: EMP-004 | B6: =XLOOKUP(A6, 員工主檔!$B$2:$B$7, 員工主檔!$C$2:$C$7, "查無員工") | C6: =XLOOKUP(A6, 員工主檔!$B$2:$B$7, 員工主檔!$D$2:$D$7, "無") | D6: 450000 | E6: =XLOOKUP(A6, 員工主檔!$B$2:$B$7, 員工主檔!$F$2:$F$7, 0) | F6: =D6*E6 | G6: =XLOOKUP(A6, 員工主檔!$B$2:$B$7, 員工主檔!$E$2:$E$7, 0) | H6: =F6+G6
A7: EMP-999 | B7: =XLOOKUP(A7, 員工主檔!$B$2:$B$7, 員工主檔!$C$2:$C$7, "查無員工") | C7: =XLOOKUP(A7, 員工主檔!$B$2:$B$7, 員工主檔!$D$2:$D$7, "無") | D7: 50000 | E7: =XLOOKUP(A7, 員工主檔!$B$2:$B$7, 員工主檔!$F$2:$F$7, 0) | F7: =D7*E7 | G7: =XLOOKUP(A7, 員工主檔!$B$2:$B$7, 員工主檔!$E$2:$E$7, 0) | H7: =F7+G7
